iteration,loss
1,4.422295570373535
20,1.982150673866272
